<?xml version="1.0" encoding="UTF-8" ?>
<!DOCTYPE mapper
  PUBLIC "-//mybatis.org//DTD Mapper 3.0//EN"
  "http://mybatis.org/dtd/mybatis-3-mapper.dtd">
  <mapper namespace="com.denny.board.model.dao.BoardDao">
  	<resultMap type="board" id="boardMap">
  		<id column="id" property="id" />
  		<result column="title" property="title"/>
  		<result column="writer" property="writer"/>
  		<result column="content" property="content"/>
  		<result column="view_cnt" property="viewCnt"/>
		<result column="reg_date" property="regDate"/>  		
  	</resultMap>
  	<insert id="insertBoard" parameterType="board">
  		INSERT INTO board
  		VALUES(0, #{title}, #{writer}, #{content}, #{viewCnt}, now())
  	</insert>
  	<update id="updateBoard" parameterType="board">
  		UPDATE board
  		SET title=#{title}, writer=#{writer}, content=#{content}, view_cnt=#{viewCnt}
  		WHERE id=#{id}
  	</update>
  	<select id="selectBoardById" resultMap="boardMap" parameterType="int">
  		SELECT id, title, writer, content, view_cnt
  		FROM board
  		WHERE id=#{id}
  	</select>
  	<select id="selectBoardList" resultMap="boardMap" parameterType="java.util.HashMap">
  		SELECT id, title, writer, content, view_cnt, reg_date 
  		FROM board
  		<if test="mode==1">
  			WHERE title LIKE '%${keyword}%'
  		</if>
  		<if test="mode==2">
  			WHERE content LIKE '%${keyword}%'
  		</if>
  		<if test="mode==3">
  			WHERE title LIKE '%${keyword}%'
  				OR content LIKE '%${keyword}%'
  		</if>
  	</select>
  	<delete id="deleteBoard" parameterType="int">
  		DELETE FROM board
  		WHERE id=#{id}
  	</delete>
  </mapper>