<?xml version="1.0" encoding="UTF-8" ?>
<!DOCTYPE mapper
  PUBLIC "-//mybatis.org//DTD Mapper 3.0//EN"
  "http://mybatis.org/dtd/mybatis-3-mapper.dtd">
  <mapper namespace="com.ymga.user.model.dao.UserDao">
  	<resultMap type="user" id="userMap">
  		<id column="seq" property="seq" />
  		<result column="id" property="id"/>
  		<result column="pw" property="pw"/>
  		<result column="nickname" property="nickname"/>
  		<result column="email_adress" property="email"/>
  	</resultMap>
  	
  	<insert id="insertUser" parameterType="user">
  		INSERT INTO user_info
  		VALUES(0, #{id}, #{pw}, #{nickname}, #{email_adress})
  	</insert>
  	
  	<update id="updateUser" parameterType="user">
  		UPDATE user_info
  		SET title=#{title}, writer=#{writer}, content=#{content}, view_cnt=#{viewCnt}
  		WHERE id=#{id}
  	</update>
  	<select id="selectBoardById" resultMap="boardMap" parameterType="int">
  		SELECT id, title, writer, content, view_cnt
  		FROM board
  		WHERE id=#{id}
  	</select>
  	<select id="selectBoardList" resultMap="boardMap" parameterType="java.util.HashMap">
  		SELECT id, title, writer, content, view_cnt, reg_date 
  		FROM board
  		<if test="mode==1">
  			WHERE title LIKE '%${keyword}%'
  		</if>
  		<if test="mode==2">
  			WHERE content LIKE '%${keyword}%'
  		</if>
  		<if test="mode==3">
  			WHERE title LIKE '%${keyword}%'
  				OR content LIKE '%${keyword}%'
  		</if>
  	</select>
  	<delete id="deleteBoard" parameterType="int">
  		DELETE FROM board
  		WHERE id=#{id}
  	</delete>
  </mapper>