<?xml version="1.0" encoding="UTF-8" ?>
<!DOCTYPE mapper
  PUBLIC "-//mybatis.org//DTD Mapper 3.0//EN"
  "http://mybatis.org/dtd/mybatis-3-mapper.dtd">
  <mapper namespace="com.ymga.board.model.dao.BoardDao">
  	<resultMap type="board" id="boardMap">
  		<id column="id" property="id" />
  		<result column="board_type" property="boardType"/>
  		<result column="title" property="title"/>
  		<result column="writer" property="writer"/>
  		<result column="content" property="content"/>
  		<result column="view_cnt" property="viewCnt"/>
		<result column="reg_date" property="regDate"/>  		
  	</resultMap>
  	
  	<select id="selectAllBoard" resultMap="boardMap" parameterType="String">
  		SELECT id, board_type, title, writer, content, view_cnt, reg_date
  		FROM post
  		WHERE board_type = #{boardType}
  	</select>
  	
  	<insert id="insertBoard" parameterType="board">
  		INSERT INTO post
  		VALUES(0, #{boardType}, #{title}, #{writer}, #{content}, #{viewCnt}, now())
  	</insert>
  	
  	<update id="updateBoard" parameterType="board">
  		UPDATE post
  		SET board_type=#{boardType}, title=#{title}, writer=#{writer}, content=#{content}, view_cnt=#{viewCnt}
  		WHERE id=#{id}
  	</update>
  	
  	<delete id="deleteBoard" parameterType="int">
  		DELETE FROM post
  		WHERE id=#{id}
  	</delete>
  	
  	<select id="selectBoardById" resultMap="boardMap" parameterType="int">
  		SELECT id, board_type, title, writer, content, view_cnt, reg_date
  		FROM post
  		WHERE id=#{id}
  	</select>
</mapper>