<?xml version="1.0" encoding="UTF-8" ?>
<!DOCTYPE mapper
  PUBLIC "-//mybatis.org//DTD Mapper 3.0//EN"
  "http://mybatis.org/dtd/mybatis-3-mapper.dtd">
  <mapper namespace="com.ymga.board.model.dao.ReplyDao">
  	<resultMap type="reply" id="replyMap">
  		<id column="id" property="id" />
  		<result column="post_id" property="postId"/>
  		<result column="writer" property="writer"/>
  		<result column="content" property="content"/>
		<result column="reg_date" property="regDate"/>  		
  	</resultMap>
  	
  	<select id="selectAllReply" resultMap="replyMap" parameterType="int">
  		SELECT id, post_id, writer, content, reg_date
  		FROM reply
  		WHERE post_id = #{postId}
  	</select>
  	
  	<insert id="insertReply" parameterType="reply">
  		INSERT INTO reply
  		VALUES(0, #{postId}, #{writer}, #{content}, now())
  	</insert>
  	
  	<update id="updateReply" parameterType="reply">
  		UPDATE reply
  		SET writer=#{writer}, content=#{content}
  		WHERE id=#{id}
  	</update>
  	
  	<select id="selectReplyById" resultMap="replyMap" parameterType="int">
  		SELECT id, board_type, post_id, writer, content, reg_date
  		FROM reply
  		WHERE id=#{id}
  	</select>
  	
  	<delete id="deleteReply" parameterType="int">
  		DELETE FROM reply
  		WHERE id=#{id}
  	</delete>
  </mapper>