<?xml version="1.0" encoding="UTF-8" ?>
<!DOCTYPE mapper
  PUBLIC "-//mybatis.org//DTD Mapper 3.0//EN"
  "http://mybatis.org/dtd/mybatis-3-mapper.dtd">
  <mapper namespace="com.ymga.user.model.dao.UserDetailDao">
  	<resultMap type="userDetail" id="userDetailMap">
  		<id column="user_seq" property="userSeq" />
  		<result column="height" property="height"/>
  		<result column="weight" property="weight"/>
  		<result column="goal" property="goal"/>
  		<result column="profile_img" property="profileImg"/>
  	</resultMap>
  	
  	<insert id="insertUserDetail" parameterType="userDetail">
  		INSERT INTO user_mypage
  		VALUES(#{userSeq}, #{height}, #{weight}, #{goal}, #{profileImg})
  	</insert>
  	
  	<update id="updateUserDetail" parameterType="userDetail">
  		UPDATE user_mypage
  		SET height=#{height}, weight=#{weight}, goal=#{goal}, profileImg=#{profileImg}
  		WHERE userSeq=#{userSeq}
  	</update>
  	
  	<delete id="deleteUserDetail" parameterType="int">
  		DELETE FROM user_mypage
  		WHERE userSeq=#{userSeq}
  	</delete>
  	
  	<select id="selectUserDetailById" resultMap="userDetailMap" parameterType="int">
  		SELECT userSeq, height, weight, goal, profileImg
  		FROM user_mypage
  		WHERE userSeq=#{userSeq}
  	</select>
</mapper>