<?xml version="1.0" encoding="UTF-8" ?>
<!DOCTYPE mapper
  PUBLIC "-//mybatis.org//DTD Mapper 3.0//EN"
  "http://mybatis.org/dtd/mybatis-3-mapper.dtd">
  <mapper namespace="com.ymga.user.model.dao.UserDao">
  	<resultMap type="user" id="userMap">
  		<id column="seq" property="seq" />
  		<result column="id" property="id"/>
  		<result column="pw" property="pw"/>
  		<result column="nickname" property="nickname"/>
  		<result column="email_adress" property="email"/>
  	</resultMap>
  	
  	<insert id="insertUser" parameterType="user">
  		INSERT INTO user_info
  		VALUES(0, #{id}, #{pw}, #{nickname}, #{email})
  	</insert>
  	
  	<update id="updateUser" parameterType="user">
  		UPDATE user_info
  		SET pw=#{pw}, nickname=#{nickname}, email_adress=#{email}
  		WHERE id=#{id}
  	</update>
  	
  	<delete id="deleteUser" parameterType="int">
  		DELETE FROM user_info
  		WHERE id=#{id}
  	</delete>
  	
  	<select id="selectUserById" resultMap="userMap" parameterType="String">
		SELECT seq, id, pw, nickname, email_adress
		FROM user_info
		WHERE id=#{id}
  	</select>
  </mapper>