<?xml version="1.0" encoding="UTF-8" ?>
<!DOCTYPE mapper
  PUBLIC "-//mybatis.org//DTD Mapper 3.0//EN"
  "http://mybatis.org/dtd/mybatis-3-mapper.dtd">
<mapper namespace="com.ymga.club.model.dao.ClubMemberDao">
	<resultMap type="clubMember" id="clubMemberMap">
		<id column="id" property="id" />
		<result column="club_id" property="clubId" />
		<result column="user_seq" property="userSeq" />
		<result column="member_rank" property="memberRank" />
	</resultMap>

	<select id="selectAllClubMember" resultMap="clubMemberMap"
		parameterType="int">
		SELECT id, club_id, user_seq, member_rank
		FROM club_member
		WHERE club_id=#{clubId}
	</select>

	<insert id="insertClubMember" parameterType="clubMember">
		INSERT INTO club_member
		VALUES(0, #{clubId}, #{userSeq}, #{memberRank})
	</insert>

	<update id="updateClubMember" parameterType="clubMember">
		UPDATE club_member
		SET member_rank=#{memberRank}
		WHERE id=#{id}
	</update>

	<delete id="deleteClubMember" parameterType="int">
		DELETE FROM club_member
		WHERE id=#{id}
	</delete>

	<select id="selectClubMemberById" resultMap="clubMemberMap"
		parameterType="int">
		SELECT id, club_id, user_seq, member_rank
		FROM club_member
		WHERE id=#{id}
	</select>
</mapper>