<?xml version="1.0" encoding="UTF-8" ?>
<!DOCTYPE mapper
  PUBLIC "-//mybatis.org//DTD Mapper 3.0//EN"
  "http://mybatis.org/dtd/mybatis-3-mapper.dtd">
  <mapper namespace="com.ymga.club.model.dao.ClubReplyDao">
  	<resultMap type="clubReply" id="clubReplyMap">
  		<id column="id" property="id" />
  		<result column="post_id" property="postId"/>
  		<result column="writer" property="writer"/>
  		<result column="content" property="content"/>
		<result column="reg_date" property="regDate"/>  		
  	</resultMap>
  	
  	<select id="selectAllClubReply" resultMap="clubReplyMap" parameterType="int">
  		SELECT id, post_id, writer, content, reg_date 
  		FROM reply_club
  		WHERE post_id=#{postId}
  	</select>
  	
  	<insert id="insertClubReply" parameterType="clubReply">
  		INSERT INTO reply_club
  		VALUES(0, #{postId}, #{writer}, #{content}, now())
  	</insert>
  	
  	<update id="updateClubReply" parameterType="clubReply">
  		UPDATE reply_club
  		SET writer=#{writer}, content=#{content}
  		WHERE id=#{id}
  	</update>
  	
  	<delete id="deleteClubReply" parameterType="int">
  		DELETE FROM reply_club
  		WHERE id=#{id}
  	</delete>
  	
  	<select id="selectClubReplyById" resultMap="clubReplyMap" parameterType="int">
  		SELECT id, post_id, writer, content, reg_date
  		FROM reply_club
  		WHERE id=#{id}
  	</select>
  </mapper>