<?xml version="1.0" encoding="UTF-8" ?>
<!DOCTYPE mapper
  PUBLIC "-//mybatis.org//DTD Mapper 3.0//EN"
  "http://mybatis.org/dtd/mybatis-3-mapper.dtd">
  <mapper namespace="com.ymga.club.model.dao.ClubNotice">
  	<resultMap type="clubNotice" id="clubNoticeMap">
  		<id column="id" property="id" />
  		<result column="club_id" property="clubId"/>
  		<result column="title" property="title"/>
  		<result column="writer" property="writer"/>
  		<result column="content" property="content"/>
  		<result column="view_cnt" property="viewCnt"/>
		<result column="reg_date" property="regDate"/>  		
  	</resultMap>
  	
  	<select id="selectAllClubNotice" resultMap="clubNoticeMap" parameterType="int">
  		SELECT id, club_id, title, writer, content, view_cnt, reg_date
  		FROM notice_club
  	</select>
  	
  	<insert id="insertClubNotice" parameterType="clubNotice">
  		INSERT INTO notice_club
  		VALUES(0, #{clubId}, #{title}, #{writer}, #{content}, #{viewCnt}, now())
  	</insert>
  	
  	<update id="updateClubNotice" parameterType="clubNotice">
  		UPDATE notice_club
  		SET club_id=#{clubId}, title=#{title}, writer=#{writer}, content=#{content}, view_cnt=#{viewCnt}
  		WHERE id=#{id}
  	</update>
  	
  	<select id="selectClubNoticeById" resultMap="clubNotice" parameterType="int">
  		SELECT id, club_id, title, writer, content, view_cnt, reg_date
  		FROM notice_club
  		WHERE id=#{id}
  	</select>
  	
  	<delete id="deleteClubNotice" parameterType="int">
  		DELETE FROM notice_club
  		WHERE id=#{id}
  	</delete>
  </mapper>