<?xml version="1.0" encoding="UTF-8" ?>
<!DOCTYPE mapper
  PUBLIC "-//mybatis.org//DTD Mapper 3.0//EN"
  "http://mybatis.org/dtd/mybatis-3-mapper.dtd">
  <mapper namespace="com.ymga.board.model.dao.NoticeDao">
  	<resultMap type="notice" id="noticeMap">
  		<id column="id" property="id" />
  		<result column="board_type" property="boardType"/>
  		<result column="title" property="title"/>
  		<result column="writer" property="writer"/>
  		<result column="content" property="content"/>
  		<result column="view_cnt" property="viewCnt"/>
		<result column="reg_date" property="regDate"/>  		
  	</resultMap>
  	
  	<select id="selectAllNotice" resultMap="noticeMap" parameterType="boardType">
  	SELECT id, board_type, title, writer, content, view_cnt, reg_date
  	FROM post_notice
  	</select>
  	
  	<insert id="insertNotice" parameterType="notice">
  		INSERT INTO post_notice
  		VALUES(0, #{title}, #{boardType}, #{writer}, #{content}, #{viewCnt}, now())
  	</insert>
  	
  	<update id="updateNotice" parameterType="notice">
  		UPDATE post_notice
  		SET title=#{title}, board_type=#{boardType}, writer=#{writer}, content=#{content}, 0}
  		WHERE id=#{id}
  	</update>
  	
  	<select id="selectNoticeById" resultMap="noticeMap" parameterType="int">
  		SELECT id, board_type, title, writer, content, view_cnt, reg_date
  		FROM post_notice
  		WHERE id=#{id}
  	</select>
  	
  	<delete id="deleteNotice" parameterType="int">
  		DELETE FROM post_notice
  		WHERE id=#{id}
  	</delete>
  </mapper>