<?xml version="1.0" encoding="UTF-8" ?>
<!DOCTYPE mapper
  PUBLIC "-//mybatis.org//DTD Mapper 3.0//EN"
  "http://mybatis.org/dtd/mybatis-3-mapper.dtd">
  <mapper namespace="com.ymga.board.model.dao.BoardFreeDao">
  	<resultMap type="board" id="boardMap">
  		<id column="id" property="id" />
  		<result column="title" property="title"/>
  		<result column="writer" property="writer"/>
  		<result column="content" property="content"/>
  		<result column="view_cnt" property="viewCnt"/>
		<result column="reg_date" property="regDate"/>  		
  	</resultMap>
  	
  	<select id="selectAllBoardFree" resultMap="boardMap">
  	SELECT *
  	FROM post_free
  	</select>
  	
  	<insert id="insertBoardFree" parameterType="board">
  		INSERT INTO post_free
  		VALUES(0, #{title}, #{writer}, #{content}, #{viewCnt}, now())
  	</insert>
  	
  	<update id="updateBoardFree" parameterType="board">
  		UPDATE post_free
  		SET title=#{title}, writer=#{writer}, content=#{content}, view_cnt=#{viewCnt}
  		WHERE id=#{id}
  	</update>
  	
  	<select id="selectBoardFreeById" resultMap="boardMap" parameterType="int">
  		SELECT id, title, writer, content, view_cnt, reg_date
  		FROM post_free
  		WHERE id=#{id}
  	</select>
  	
  	<delete id="deleteBoardFree" parameterType="int">
  		DELETE FROM post_free
  		WHERE id=#{id}
  	</delete>
  </mapper>