<?xml version="1.0" encoding="UTF-8" ?>
<!DOCTYPE mapper
  PUBLIC "-//mybatis.org//DTD Mapper 3.0//EN"
  "http://mybatis.org/dtd/mybatis-3-mapper.dtd">
  <mapper namespace="com.ymga.club.model.dao.ClubDao">
  	<resultMap type="club" id="clubMap">
  		<id column="id" property="id" />
  		<result column="name" property="name"/>
  		<result column="persons" property="persons"/>
  	</resultMap>
  	
  	<select id="selectAllBoardAd" resultMap="clubMap">
  	SELECT *
  	FROM club_info
  	</select>
  	
  	<insert id="insertClub" parameterType="club">
  		INSERT INTO club_info
  		VALUES(0, #{name}, 0)
  	</insert>
  	
  	<update id="updateClub" parameterType="club">
  		UPDATE club_info
  		SET name=#{name}
  		WHERE id=#{id}
  	</update>
  	
  	<select id="selectClubById" resultMap="clubMap" parameterType="int">
  		SELECT id, name, persons
  		FROM club_info
  		WHERE id=#{id}
  	</select>
  	
  	<delete id="deleteClub" parameterType="int">
  		DELETE FROM club_info
  		WHERE id=#{id}
  	</delete>
  </mapper>