<?xml version="1.0" encoding="UTF-8" ?>
<!DOCTYPE mapper
  PUBLIC "-//mybatis.org//DTD Mapper 3.0//EN"
  "http://mybatis.org/dtd/mybatis-3-mapper.dtd">
  <mapper namespace="com.ymga.club.model.dao.ClubBoard">
  	<resultMap type="clubBoard" id="clubBoardMap">
  		<id column="id" property="id" />
  		<result column="club_id" property="clubId"/>
  		<result column="title" property="title"/>
  		<result column="writer" property="writer"/>
  		<result column="content" property="content"/>
  		<result column="view_cnt" property="viewCnt"/>
		<result column="reg_date" property="regDate"/>  		
  	</resultMap>
  	
  	<select id="selectAllClubBoard" resultMap="clubBoardMap">
  	SELECT *
  	FROM post_club
  	</select>
  	
  	<insert id="insertClubBoard" parameterType="clubBoard">
  		INSERT INTO post_club
  		VALUES(0, #{clubId}, #{title}, #{writer}, #{content}, #{viewCnt}, now())
  	</insert>
  	
  	<update id="updateClubBoard" parameterType="clubBoard">
  		UPDATE post_club
  		SET clubId=#{clubId}, title=#{title}, writer=#{writer}, content=#{content}, view_cnt=#{viewCnt}
  		WHERE id=#{id}
  	</update>
  	
  	<select id="selectClubBoardById" resultMap="clubBoard" parameterType="int">
  		SELECT id, club_id, title, writer, content, view_cnt, reg_date
  		FROM post_club
  		WHERE id=#{id}
  	</select>
  	
  	<delete id="deleteClubBoard" parameterType="int">
  		DELETE FROM post_club
  		WHERE id=#{id}
  	</delete>
  </mapper>