<?xml version="1.0" encoding="UTF-8" ?>
<!DOCTYPE mapper
  PUBLIC "-//mybatis.org//DTD Mapper 3.0//EN"
  "http://mybatis.org/dtd/mybatis-3-mapper.dtd">
  <mapper namespace="com.ymga.board.model.dao.ReplyAdDao">
  	<resultMap type="reply" id="replyMap">
  		<id column="id" property="id" />
  		<result column="post_id" property="postId"/>
  		<result column="writer" property="writer"/>
  		<result column="content" property="content"/>
		<result column="reg_date" property="regDate"/>  		
  	</resultMap>
  	
  	<select id="selectAllReplyAd" resultMap="replyMap">
  	SELECT *
  	FROM post_comment_ad
  	</select>
  	
  	<insert id="insertReplyAd" parameterType="reply">
  		INSERT INTO post_comment_ad
  		VALUES(0, #{postId}, #{writer}, #{content}, now())
  	</insert>
  	
  	<update id="updateReplyAd" parameterType="reply">
  		UPDATE post_comment_ad
  		SET writer=#{writer}, content=#{content}
  		WHERE id=#{id}
  	</update>
  	
  	<select id="selectReplyAdById" resultMap="replyMap" parameterType="int">
  		SELECT id, post_id, writer, content, reg_date
  		FROM post_comment_ad
  		WHERE id=#{id}
  	</select>
  	
  	<delete id="deleteReplyAd" parameterType="int">
  		DELETE FROM post_comment_ad
  		WHERE id=#{id}
  	</delete>
  </mapper>