<?xml version="1.0" encoding="UTF-8" ?>
<!DOCTYPE mapper
  PUBLIC "-//mybatis.org//DTD Mapper 3.0//EN"
  "http://mybatis.org/dtd/mybatis-3-mapper.dtd">
  <mapper namespace="com.ymga.timeline.model.dao.TimelineExerciseDao">
  	<resultMap type="timelineExercise" id="timelineExerciseMap">
  		<id column="id" property="id" />
  		<result column="user_seq" property="userSeq"/>
  		<result column="date" property="date"/>
  		<result column="type" property="type"/>
  		<result column="amount" property="amount"/>
		<result column="publicity" property="publicity"/>  		
  	</resultMap>
  	
  	<select id="selectAllTimelineExercise" resultMap="timelineExerciseMap">
  	SELECT *
  	FROM timeline_exercise
  	</select>
  	
  	<insert id="insertTimelineExercise" parameterType="timelineExercise">
  		INSERT INTO timeline_exercise
  		VALUES(0, #{userSeq}, #{date}, #{type}, #{amount}, #{publicity})
  	</insert>
  	
  	<update id="updateTimelineExercise" parameterType="timelineExercise">
  		UPDATE timeline_exercise
  		SET type=#{type}, amount=#{amount}, publicity=#{publicity}
  		WHERE id=#{id}
  	</update>
  	
  	<select id="selectTimelineExerciseById" resultMap="timelineExerciseMap" parameterType="int">
  		SELECT id, user_seq, date, type, amount, publicity
  		FROM timeline_exercise
  		WHERE id=#{id}
  	</select>
  	
  	<delete id="deleteTimelineExercise" parameterType="int">
  		DELETE FROM timeline_exercise
  		WHERE id=#{id}
  	</delete>
  </mapper>