<?xml version="1.0" encoding="UTF-8" ?>
<!DOCTYPE mapper
  PUBLIC "-//mybatis.org//DTD Mapper 3.0//EN"
  "http://mybatis.org/dtd/mybatis-3-mapper.dtd">
  <mapper namespace="com.ymga.timeline.model.dao.TimelineDietDao">
  	<resultMap type="timelineDiet" id="timelineDietMap">
  		<id column="id" property="id" />
  		<result column="user_seq" property="userSeq"/>
  		<result column="date" property="date"/>
  		<result column="type" property="type"/>
  		<result column="amount" property="amount"/>
		<result column="publicity" property="publicity"/>  		
  	</resultMap>
  	
  	<select id="selectAllTimelineDiet" resultMap="timelineDietMap">
  	SELECT *
  	FROM timeline_diet
  	</select>
  	
  	<insert id="insertTimelineDiet" parameterType="timelineDiet">
  		INSERT INTO timeline_diet
  		VALUES(0, #{userSeq}, #{date}, #{type}, #{amount}, #{publicity})
  	</insert>
  	
  	<update id="updateTimelineDiet" parameterType="timelineDiet">
  		UPDATE timeline_diet
  		SET type=#{type}, amount=#{amount}, publicity=#{publicity}
  		WHERE id=#{id}
  	</update>
  	
  	<select id="selectTimelineDietById" resultMap="timelineDietMap" parameterType="int">
  		SELECT id, user_seq, date, type, amount, publicity
  		FROM timeline_diet
  		WHERE id=#{id}
  	</select>
  	
  	<delete id="deleteTimelineDiet" parameterType="int">
  		DELETE FROM timeline_diet
  		WHERE id=#{id}
  	</delete>
  </mapper>